Estado,Cidade,Nome da Unidade
AL, Água Branca, POSTO DE SAUDE DO ESTREITO
AL, Água Branca, UNIDADE DRA QUITERIA BEZERRA DE MELO
AL, Água Branca, POSTO DE SAUDE LAGOA DAS PEDRAS
AL, Água Branca, POSTO DE SAUDE TABULEIRO
AL, Água Branca, POSTO DE SAUDE DA PAPATERRA
AL, Água Branca, POSTO DE SAUDE ALTO DOS COELHOS
AL, Água Branca, PACS OURICURI
AL, Água Branca, POSTO DE SAUDE QUIXABEIRA
AL, Água Branca, POSTO DE SAUDE DA SERRA DO CAVALO
AL, Água Branca, UNIDADE BASICA DE SAUDE ENOQUE GOMES
AL, Água Branca, CENTRO DE SAUDE MUNICIPAL DE AGUA BRANCA
AL, Água Branca, POSTO DE SAUDE DE TINGUI
AL, Água Branca, POSTO DE SAUDE BOQUEIRAO
AL, Água Branca, POSTO DE SAUDE VARZEA DO PICO
AL, Anadia, USF TABULEIRO
AL, Anadia, USF ISAURO FAUSTINO BARBOSA
AL, Anadia, USF JOAQUINA BEZERRA DA COSTA
AL, Anadia, USF SERTAOZINHO
AL, Anadia, USF TAPERA
AL, Anadia, USF CHA DA MANGABEIRA
AL, Anadia, POSTO DE SAUDE BREJO NOVO
AL, Anadia, UNIDADE MISTA SENADOR RUI PALMEIRA
AL, Anadia, USF DUAS ESTRADAS
AL, Arapiraca, USF DR DANIEL HOULY
AL, Arapiraca, UNIDADE BASICA DE CACIMBAS DR JUDA FERNANDES LIMA
AL, Arapiraca, II CENTRO
AL, Arapiraca, USF VILA APARECIDA
AL, Arapiraca, USF CAVACO DR JOSE FERNANDES
AL, Arapiraca, USF BRISA DO LAGO FERNANDO LOURENCO
AL, Arapiraca, UBS JOAO PAULO II
AL, Arapiraca, UBS VERDES CAMPOS
AL, Arapiraca, USF BOM SUCESSO
AL, Arapiraca, USF CARRASCO
AL, Arapiraca, UBS RIACHO SECO
AL, Arapiraca, USF POCAO Arapiraca
AL, Arapiraca, US JARDIM DAS PAINEIRAS
AL, Arapiraca, USF BAIXAO
AL, Arapiraca, V CENTRO DE SAUDE DR UBIRATAN PEDROZA
AL, Arapiraca, I CENTRO DE SAUDE
AL, Arapiraca, UBS SENADOR ARNON DE MELO
AL, Arapiraca, UBS NILO COELHO MANOEL VALERIANO SOBRINHO
AL, Arapiraca, USF BAIXA DA ONCA SERAPIAO DURVAL
AL, Arapiraca, USF BOA VISTA
AL, Arapiraca, USF BANANEIRAS
AL, Arapiraca, USF MANOEL TELES
AL, Arapiraca, III CENTRO DE SAUDE
AL, Arapiraca, USF PELEVE VELHO BOMJARDIM
AL, Arapiraca, USF TEOTONIO VILELA
AL, Arapiraca, USF CAPIM
AL, Arapiraca, USF COHAB NOVA
AL, Arapiraca, POSTO DE SAUDE LARANJAL
AL, Arapiraca, IV CENTRO DE SAUDE
AL, Arapiraca, UBS NOSSA SENHORA APARECIDA
AL, Arapiraca, USF BATINGAS
AL, Arapiraca, USF PRIMAVERA
AL, Arapiraca, USF VILA SAO JOSE
AL, Arapiraca, USF CANAFISTULA
AL, Arapiraca, USF VILA SAO FRANCISCO
AL, Arapiraca, USF ZELIA BARBOSA ROCHA DR EDLER LINS
AL, Arapiraca, USF PAU DARCO
AL, Arapiraca, USF CANAA
AL, Arapiraca, POSTO DE SAUDE FERNANDES PAU FERRO
AL, Arapiraca, USF CANGANDU
AL, Atalaia, UNIDADE SAUDE DA FAMILIA JOSE PAULINO
AL, Atalaia, UNIDADE SAUDE DA FAMILIA PORANGABA
AL, Atalaia, UNIDADE SAUDE DA FAMILIA JENIPAPEIRO
AL, Atalaia, UNIDADE SAUDE DA FAMILIA CENTRO
AL, Atalaia, UNIDADE SAUDE DA FAMILIA BOCA DA MATA
AL, Atalaia, UNIDADE SAUDE DA FAMILIA OURICURI
AL, Atalaia, UNIDADE SAUDE DA FAMILIA DOS ALTOS
AL, Atalaia, UNIDADE SAUDE DA FAMILIA OLHOS DAGUA
AL, Atalaia, UNIDADE SAUDE DA FAMILIA SAPUCAIA
AL, Atalaia, UNIDADE SAUDE DA FAMILIA NOVA OLINDA
AL, Atalaia, UNIDADE SAUDE DA FAMILIA RUA DE CIMA
AL, Atalaia, UNIDADE SAUDE DA FAMILIA SANTO ANTONIO
AL, Atalaia, UNIDADE SAUDE DA FAMILIA BRANCA II
AL, Atalaia, UNIDADE SAUDE DA FAMILIA BRANCA
AL, Atalaia, UNIDADE SAUDE DA FAMILIA SANTA INES
AL, Barra de Santo Antônio, MEROVEU I
AL, Barra de Santo Antônio, CENTRO DE SAUDE SAO SEBASTIAO
AL, Barra de Santo Antônio, UNIDADE BASICA DE SAUDE SANTA LUZIA
AL, Barra de Santo Antônio, UNIDADE BASICA DE SAUDE NORMANDO BARBOSA OLIVEIRA
AL, Barra de Santo Antônio, UNIDADE BASICA DE SAUDE MARINETE BALTAZAR
AL, Barra de Santo Antônio, UNIDADE BASICA DE SAUDE AURORA DE NAZARET PEREIRA LEITE COST
AL, Barra de São Miguel, UNIDADE DE SAUDE DA FAMILIA I
AL, Barra de São Miguel, POSTO SAUDE JOAO BATISTA
AL, Barra de São Miguel, UNIDADE DE SAUDE DA FAMILIA
AL, Batalha, POSTO DE SAUDE CAJA DOS NEGROS
AL, Batalha, EQUIPE SAUDE DA FAMILIA ESF VI
AL, Batalha, UNIDADE ANTONIO VIEIRA FILHO
AL, Batalha, POSTO DE SAUDE DE CIMA
AL, Batalha, POSTO DE SAUDE DO FUNIL
AL, Batalha, CENTRO DE SAUDE MUNICIPAL DR ITAMAR CIRYNO
AL, Batalha, EQUIPE SAUDE DA FAMILIA ESF II
AL, Batalha, UNIDADE DE SAUDE DA FAMILIA ESFV
AL, Belém, POSTO DE SAUDE CAROA
AL, Belém, UNIDADE DE SAUDE DA FAMILIAE CABECA DANTAS
AL, Belém, CENTRO DE SAUDE DE BELEM
AL, Belo Monte, UNIDADE DE SAUDE DA FAMILIA OLHO DAGUA NOVO
AL, Belo Monte, UNIDADE DE SAUDE RIACHO DA JACOBINA
AL, Belo Monte, POSTO DE SAUDE BARRA DO IPANEMA
AL, Belo Monte, CENTRO DE SAUDE MARIA DA CONCEICAO LIMA
AL, Belo Monte, POSTO DE SAUDE POCO DO MARCO
AL, Belo Monte, POSTO DE SAUDE DE RESTINGA
AL, Boca da Mata, UBS MIGUEL FELICIANO DA SILVA
AL, Boca da Mata, UBS ANA MARIA DO ESPIRITO SANTO S LUIZ
AL, Boca da Mata, UBS AURELIO GOMES
AL, Boca da Mata, UBS MAJOR JOSE TENORIO
AL, Boca da Mata, UBS MARIA GENURA DE AMORIM DAMASO
AL, Boca da Mata, UBS BERNADETE LEITE MUTIRAO
AL, Boca da Mata, UBS PERI PERI
AL, Boca da Mata, UBS JOSE PALMEIRA FILHO PALMEIRINHA
AL, Boca da Mata, UBS ORITENILA BATISTA DE MOURA PRACA PE CICERO
AL, Boca da Mata, UBS DR CLAUDIO REGIS
AL, Boca da Mata, UBS JOSEFA FERREIRA DA COSTA
AL, Boca da Mata, CENTRO DE REABILITACAO FISICA
AL, Branquinha, CENTRO DE SAUDE FRANCISCO JOSE DA SILVA
AL, Branquinha, POSTO DE SAUDE VANIA MENEZES DE VASCONCELOS
AL, Branquinha, POSTO DE SAUDE FLOR DO MUNDAU
AL, Branquinha, POSTO DE SAUDE CONJUNTO JOAO LYRA
AL, Branquinha, POSTO DE SAUDE SANTO ANTONIO DA BOA VISTA
AL, Cacimbinhas, POSTO DE SAUDE MINADORZINHO
AL, Cacimbinhas, POSTO DE SAUDE PONTOS BRANCOS
AL, Cacimbinhas, UNIDADE DE SAUDE DA FAMILIA LUIZ IZIDORO LOPES
AL, Cacimbinhas, POSTO DE SAUDE GALINHAS DO MAIA
AL, Cacimbinhas, UNIDADE DE SAUDE DA FAMILIA DO TEIXEIRA
AL, Cacimbinhas, CENTRO DE SAUDE DE PROF ZERBINICACIMBINHAS
AL, Cacimbinhas, UNIDADE DE SAUDE DA FAMILIA GENESIO TEODORO DE MENEZES
AL, Cacimbinhas, UNIDADE DE SAUDE DA FAMILIA GILZA CAVALCANTI DUARTE
AL, Cacimbinhas, UNIDADE DE SAUDE MANUEL FERREIRA NETO
AL, Cajueiro, UNIDADE BASICA DE SAUDE DIVA TOLEDO PSF
AL, Cajueiro, UNIDADE BASICA JORGE RIBEIRO TOLEDO PSF
AL, Cajueiro, UNIDADE BASICA DO SITINHO PSF VII
AL, Cajueiro, POSTO MEDICO ASSOC DOS ROMEIROS PSF
AL, Cajueiro, UNIDADE DE SAUDE EVERALDO PEREIRA DA SILVA
AL, Cajueiro, UNIDADE DE SAUDE LIGIA TOLEDO PSF
AL, Cajueiro, POSTO MED MARIO FERRO DE MOURA PSF
AL, Cajueiro, UNIDADE MISTA DR AUGUSTO DIAS CARDOSO
AL, Cajueiro, POSTO DE SAUDE MARTINIANO FERREIRA PSF VI
AL, Campestre, UNIDADE BASICA DE SAUDE AMAURY ANGELO DA SILVA
AL, Campestre, UNIDADE BASICA DE SAUDE PSF 3
AL, Campestre, CENTRO DE SAUDE DE CAMPESTRE ENG EDSON SANTOS
AL, Campo Alegre, UBS 19 VALTEMIR SOUZA SILVA
AL, Campo Alegre, UBS 01 E 10 JORGE CORREIA
AL, Campo Alegre, UBS 11 FRANCISCO BATISTA DOS SANTOS
AL, Campo Alegre, UBS 18 EDJA LIDIANE
AL, Campo Alegre, UBS 08 MANOEL CRISTOVAO
AL, Campo Alegre, UBS 09 OLIVAL TENORIO
AL, Campo Alegre, UBS 04 ANTONIO JOAQUIM MESSIAS
AL, Campo Alegre, UBS 06 JOSE FIRMINO DA SILVA
AL, Campo Alegre, UBS 05 ALDALIO ANTONIO
AL, Campo Alegre, UBS 02 LUIZ VIEIRA TEMOTEO
AL, Campo Alegre, UBS 21 EDNALDO MOURA DA SILVA
AL, Campo Alegre, UBS 07 E 20 EXPEDITO SERGIO DOS SANTOS
AL, Campo Alegre, USB 17 ROSALVO IVO DA SILVA
AL, Campo Alegre, UBS 14 E 16 JOSE EGIDIO
AL, Campo Alegre, UBS 15 LUANA KELLY DOS SANTOS
AL, Campo Alegre, UBS 03 ARNOBIO DA ROCHA TAVARES
AL, Campo Grande, POSTO DE SAUDE POVOADO POCO DO BOI
AL, Campo Grande, CENTRO DE SAUDE DE CAMPO GRANDE
AL, Campo Grande, POSTO DE SAUDE SITIO ALTO DA PEDRA
AL, Campo Grande, POSTO DE SAUDE POVOADO MARABA
AL, Campo Grande, UNIDADE DE SAUDE DA FAMILIA CURRAL FALSO
AL, Campo Grande, POSTO DE SAUDE SITIO GRUTA FUNDA
AL, Campo Grande, POSTO DE SAUDE POVOADO POCO DA LAGOA
AL, Canapi, POSTO DE SAUDE DE AREIAS
AL, Canapi, CENTRO DE SAUDE DE CARIE
AL, Canapi, PACS URBANO
AL, Canapi, POSTO DE SAUDE DE FORQUILHA
AL, Canapi, CENTRO DE SAUDE DE CANAPI
AL, Canapi, POSTO DE SAUDE DE CACHOEIRA VELHA
AL, Canapi, POSTO DE SAUDE QUEIMADA REDONDA
AL, Capela, PSF 005
AL, Capela, PSF 008
AL, Capela, PSF 001
AL, Capela, PSF 007
AL, Capela, PSF 004
AL, Capela, PSF 003
AL, Capela, PSF 006
AL, Capela, PSF 002
AL, Carneiros, CENTRO DE SAUDE MANOEL JOSE DE LIMA
AL, Carneiros, CENTRO DE ESPECIALIDADES CICERA DE ARAUJO AGRA
AL, Carneiros, UNIDADE DE SAUDE AGENOR RODRIGUES DOS ANJOS
AL, Carneiros, UBS JOSIAS VIANA DE OLIVEIRA
AL, Chã Preta, USF AUDERILDA TENORIO FLORENTINO
AL, Chã Preta, CENTRO DE ESPECIALIDADES DE CHA PRETA
AL, Chã Preta, POSTO DE SAUDE RECANTO
AL, Chã Preta, UNIDADE BASICA DE SAUDE DR FRANCISCO SOARES
AL, Chã Preta, POSTO DE SAUDE SANTA FE
AL, Coité do Nóia, POSTO DE SAUDE CRAIBAS DE SAO JOSE
AL, Coité do Nóia, UNIDADE BASICA DE SAUDE MANOEL GOMES
AL, Coité do Nóia, UNIDADE DE SAUDE DA FAMILIA DE ALAGOINHA COITE DO NOIA
AL, Coité do Nóia, UNIDADE DE SAUDE DA FAMILIA PEREIRA VELHO
AL, Coité do Nóia, CENTRO DE SAUDE PREFEITO JOAO BASTOS DA SILVA
AL, Coité do Nóia, UBS PREFEITO JOAO SEBASTIAO DA SILVA
AL, Coité do Nóia, POSTO DE SAUDE OLHO DAGUA DE BAIXO
AL, Coité do Nóia, UNIDADE DE SAUDE DA FAMILIA MUMBUCA
AL, Coité do Nóia, POSTO DE SAUDE DE OITIZEIRO
AL, Coité do Nóia, POSTO DE SAUDE DE CRUZES
AL, Coité do Nóia, POSTO DE POCOS DO LUNGA
AL, Colônia Leopoldina, UNIDADE BASICA DE SAUDE JOSE LUIZ LESSA
AL, Colônia Leopoldina, UNIDADE BASICA DE SAUDE CENTRO
AL, Colônia Leopoldina, UNIDADE MISTA MARIA LOUREIRO CAVALCANTE
AL, Colônia Leopoldina, UNIDADE BASICA DE SAUDE VILA NOVA
AL, Colônia Leopoldina, UNIDADE BASICA DE SAUDE USINA TAQUARA
AL, Colônia Leopoldina, POSTO DE SAUDE JOSE ACIOLY MACIEL
AL, Colônia Leopoldina, UNIDADE BASICA DE SAUDE BELO JARDIM
AL, Colônia Leopoldina, UNIDADE BASICA DE SAUDE JOSE ADAMOR
AL, Colônia Leopoldina ,AMBULATORIO DANIEL MONTEIRO DA CRUZ
AL, Coqueiro Seco, CENTRO DE REABILITACAO E PICS
AL, Coqueiro Seco, UBS MARIA JOSE DE OLIVEIRA DA SILVA DONA ZEZA
AL, Coqueiro Seco, CENTRO DE SAUDE DE COQUEIRO SECO
AL, Coqueiro Seco, UBS PADRE CICERO
AL, Coqueiro Seco, UBS JOSE GOMES DA SILVA
AL, Coruripe, USF JOAO CLEMENTINO J DE MELO
AL, Coruripe, UNIDADE MISTA DE PINDORAMA
AL, Coruripe, USF PINDORAMA CENTRO
AL, Coruripe, USF COM TERCIO WANDERLEY
AL, Coruripe, USF VASSOURAS GERALDO GOUVEIA
AL, Coruripe, USF VALE DE CORURIPE JOSE DE SOUZA NASCIMENTO
AL, Coruripe, USF CENTRO
AL, Coruripe, USF PONTAL DR ELISIO ALVES PEROBA
AL, Coruripe, USF PINDORAMA PERIFERIA
AL, Coruripe, USF CRUZEIRO JOSE HIGINO DE CARVALHO
AL, Coruripe, USF BOTAFOGO
AL, Coruripe, USF RUBEM WANDERLEY
AL, Coruripe, USF BONSUCESSO
AL, Coruripe, USF MIAI
AL, Coruripe, USF BARREIRAS JOSE SEVERIANO DOS SANTOS
AL, Coruripe, USF POXIM JOSE BRASIL RAMALHO
AL, Coruripe, USF CONJUNTO JOAQUIM BELTRAO
AL, Coruripe, USF BARRO PRETO
AL, Craíbas, UNIDADE BASICA DE SAUDE EXPEDITO LUIZ DA SILVA
AL, Craíbas, CASA MATERNAL FREI DAMIAO
AL, Craíbas, POSTO DE SAUDE SANTO ANTONIO PSF CRAIBAS
AL, Craíbas, UNIDADE BASICA DE SAUDE JOSE SIMAO DE MELO
AL, Craíbas, POSTO DE SAUDE SAO CRISTOVAO
AL, Craíbas, POSTO DE SAUDE BOM JESUS
AL, Craíbas, POSTO DE SAUDE ROSA MISTICA
AL, Craíbas, POSTO DE SAUDE SAO JOSE
AL, Craíbas, POSTO DE SAUDE NOSSA SENHORA APARECIDA
AL, Craíbas, CENTRO DE SAUDE DE CRAIBAS
AL, Craíbas, USF EDIVALDO CORREIA BARBOSA
AL, Craíbas, UNIDADE DE SAUDE DA FAMILIA CRAIBAS
AL, Craíbas, UNIDADE DE SAUDE DA FAMILIA LAGOA DA ANGELICA
AL, Delmiro Gouveia, POSTO DE SAUDE PEDRAO
AL, Delmiro Gouveia, POSTO DE SAUDE ALTO BONITO
AL, Delmiro Gouveia, UNIDADE BASICA DE SAUDE M FRANCISCA DAS VIRGENS
AL, Delmiro Gouveia, POSTO DE SAUDE MALHADA
AL, Delmiro Gouveia, UNIDADE BASICA DE SAUDE EUSEBIO MOREIRA
AL, Delmiro Gouveia, POSTO DE SAUDE GANGORA
AL, Delmiro Gouveia, POSTO DE SAUDE PERPETUA BEZERRA
AL, Delmiro Gouveia, POSTO DE SAUDE MARCELINO MARTINS
AL, Delmiro Gouveia, POSTO DE SAUDE SAO SEBASTIAO
AL, Delmiro Gouveia, UNIDADE BASICA DE SAUDE DOUTOR ULYSSES LUNA
AL, Delmiro Gouveia, UNIDADE BASICA DE SAUDE ANGELITA OLIVEIRA SOUZA
AL, Delmiro Gouveia, UBS MARIA APARECIDA LISBOA
AL, Delmiro Gouveia, UNIDADE BASICA DE SAUDE DESVIO
AL, Delmiro Gouveia, POSTO DE SAUDE PORTO DA BARRA
AL, Delmiro Gouveia, UNIDADE BASICA DE SAUDE MARIA JOSE DA SILVA BEZERRA D MAZE
AL, Delmiro Gouveia, UNIDADE BASICA DE SAUDE JARDIM CORDEIRO
AL, Delmiro Gouveia, POSTO DE SAUDE DE SALGADO
AL, Delmiro Gouveia, POSTO DE SAUDE JUREMA
AL, Delmiro Gouveia, POSTO DE SAUDE CARAIBAS
AL, Delmiro Gouveia, UNIDADE BASICA DE SAUDE ALFREDIZIO LIMA
AL, Delmiro Gouveia, UNIDADE BASICA DE SAUDE MARIA EUGENIA M TELES
AL, Delmiro Gouveia, UNIDADE BASICA DE SAUDE PALMEIRAO
AL, Delmiro Gouveia, UNIDADE BASICA DE SAUDE BARRAGEM LESTE
AL, Delmiro Gouveia, POSTO DE SAUDE DE CANAFISTULA DELMIRO GOUVEIA
AL, Delmiro Gouveia, CENTRO DE SAUDE DOUTOR PEDRO JOSE DOS SANTOS
AL, Delmiro Gouveia, CENTRO DE SAUDE SINIMBU
AL, Delmiro Gouveia, POSTO DE SAUDE LAMEIRAO
AL, Delmiro Gouveia, POSTO DE SAUDE VALHAME DEUS
AL, Delmiro Gouveia, PACS EURIDICE MIRANDA MOREIRA
AL, Dois Riachos, UNIDADE DE SAUDE DA FAMILIA PAI MANE
AL, Dois Riachos, USF 04
AL, Dois Riachos, UNIDADE BASICA DE SAUDE PADRE RONALDO ALOISIO DA SILVA
AL, Dois Riachos, CENTRO DE SAUDE SANTA LUCIA
AL, Estrela de Alagoas, POSTO DE SAUDE RENASCENCA
AL, Estrela de Alagoas, UNIDADE DE SAUDE DA FAMILIA CECI CUNHA
AL, Estrela de Alagoas, UNIDADE DE SAUDE DA FAMILIA DR ALVARO MACHADO
AL, Estrela de Alagoas, POSTO DE SAUDE DE MATA BURRO
AL, Estrela de Alagoas, UNIDADE DE SAUDE DA FAMILIA LAGOA DO EXU
AL, Estrela de Alagoas, CENTRO DE SAUDE DR GASTAO LEAO REGO
AL, Estrela de Alagoas, UNIDADE DE SAUDE DA FAMILIA ANTONIO GARROTE DA SILVA
AL, Estrela de Alagoas, POSTO DE SAUDE LAGEIRO DOS NICACIOS
AL, Estrela de Alagoas, UNIDADE DE SAUDE DA FAMILIA IMPOEIRAS
AL, Estrela de Alagoas, POSTO DE SAUDE LAGOA DA COROA
AL, Estrela de Alagoas, POSTO DE SAUDE LAGOA DA AREIA DO CIRIACO
AL, Estrela de Alagoas, UNIDADE DE SAUDE DA FAMILIA JULITA SOARES DA SILVA
AL, Feira Grande, UNIDADE BASICA DE SAUDE DE TABOCAL
AL, Feira Grande, UNIDADE SAUDE DA FAMILIA URBANO II
AL, Feira Grande, UNIDADE DE SAUDE DA FAMILIA MUMBACA
AL, Feira Grande, UNIDADE DE SAUDE DA FAMILIA OLHO DAGUA DO MEIO
AL, Feira Grande, CENTRO DE SAUDE DE FEIRA GRANDE
AL, Feira Grande, POSTO DE SAUDE OLHO D AGUA DO MANDACARU
AL, Feira Grande, UNIDADE DE SAUDE OLHO DAGUA DOS DANDANHAS
AL, Feira Grande, POSTO DE SAUDE DE MASSARAMDUBA
AL, Feira Grande, UNIDADE DE SAUDE DA FAMILIA MASSAPE
AL, Feira Grande, UNIDADE DE SAUDE DA FAMILIA TABOCA
AL, Feliz Deserto, CENTRO DE SAUDE I DE FELIZ DESERTO
AL, Feliz Deserto, CENTRO DE SAUDE ENG MARCIO SILVIO WANDERLEY DE PAIVA
AL, Flexeiras, 2010895 USF 03 DR ARNALDO CAVALCANTE MAGALHAES
AL, Flexeiras, 2010917 USF 05 MARIA CAVALCANTE DE ALMEIDA
AL, Flexeiras, 2010887 UMS ELPIDIO CAVALCANTE DE ALBURQUERQUE
AL, Flexeiras, 2010879 USF 01 C S DOLORES JATOBA
AL, Flexeiras, 2010909 USF 02 AMARO CLAUDINO DOS SANTOS
AL, Flexeiras, 2010860 USF 04 C S CLIMERIO W SARMENTO
AL, Girau do Ponciano, UNIDADE DE SAUDE DA FAMILIA BARBOSA
AL, Girau do Ponciano, CENTRO DE SAUDE DE GIRAU DO PONCIANO
AL, Girau do Ponciano, UNIDADE DE SAUDE DA FAMILIA PARANA
AL, Girau do Ponciano, UNIDADE DE SAUDE DA FAMILIA ALECRIM
AL, Girau do Ponciano, UNIDADE DE SAUDE DA FAMILIA URBANO II
AL, Girau do Ponciano, UNIDADE DE SAUDE DA FAMILIA URBANO III
AL, Girau do Ponciano, PRESIDIO DO AGRESTE
AL, Girau do Ponciano, UNIDADE DE SAUDE DA FAMILIA SETE CASAS
AL, Girau do Ponciano, UNIDADE DE SAUDE DA FAMILIA CANAFISTULA CIPRIANO
AL, Girau do Ponciano, UNIDADE DE SAUDE DA FAMILIA JACIOBA
AL, Girau do Ponciano, UNIDADE DE SAUDE DA FAMILIA QUEBRADENTE
AL, Girau do Ponciano, UNIDADE DE SAUDE DA FAMILIA CALDEROES
AL, Girau do Ponciano, HOSPITAL JOSE ENOQUE DE BARROS
AL, Girau do Ponciano, UNIDADE DE SAUDE DA FAMILIA ALGODAO
AL, Ibateguara, UNIDADE DE SAUDE DA FAMILIA ARLINDO RODRIGUES DA SILVA
AL, Ibateguara, UNIDADE DE SAUDE DA FAMILIA DR DOUGLAS LINS DE ARAUJO
AL, Ibateguara, UNIDADE DE SAUDE FAMILIA OSCAR ALVES DE ANDRADE
AL, Ibateguara, UNIDADE DE SAUDE DA FAMILIA AGEU HOLANDA CAVALCANTE
AL, Ibateguara, UNIDADE DE SAUDE DA FAMILIA CANASTRA
AL, Ibateguara, UNIDADE DE SAUDE DA FAMILIA ANTONIO GRACIETE DE FARIAS
AL, Igaci, UNIDADE DE SAUDE DA FAMILIA III
AL, Igaci, UNIDADE DE SAUDE DA FAMILIA SANTO ANTONIO
AL, Igaci, UNIDADE DE SAUDE DA FAMILIA LAGOA DO FELIX
AL, Igaci, UNIDADE DE SAUDE DA FAMILIA COITE DAS PINHAS
AL, Igaci, UNIDDE SAUDE DA FAMILIA 01 ZONA URBANA II
AL, Igaci, UNIDADE DE SAUDE DA FAMILIA LAGOA DE CIMA
AL, Igaci, UNIDADE DE SAUDE E MATERNIDADE SANTINA TDE ALBUQUERQUE
AL, Igaci, UNIDADE DE SAUDE DA FAMILIA LAGOA DO CAPIM
AL, Igaci, UNIDADE DE SAUDE DA FAMILIA DE CARAIBINHAS
AL, Igaci, UNIDADE DE SAUDE DA FAMILIA DE NOVO RIO
AL, Igaci, CENTRO DE SAUDE JOAO DE LIMA ACIOLI
AL, Igaci, UNIDADE DE SAUDE DA FAMILIA DIONIZIO
AL, Igreja Nova, POSTO DE SAUDE DE SAPE
AL, Igreja Nova, ESF 06 CENTRO DE SAUDE DE IGREJA NOVA
AL, Igreja Nova, ESF 10 CENTRO DE SAUDE PALMEIRA DOS NEGROS
AL, Igreja Nova, ESF 03 CENTRO DE SAUDE DE IPIRANGA
AL, Igreja Nova, ESF 02 CENTRO DE SAUDE PERUCABA
AL, Igreja Nova, ESF 04 CENTRO DE SAUDE CHINARE
AL, Igreja Nova, ESF 09 CENTRO DE SAUDE DE ALAGOINHAS IGREJA NOVA
AL, Igreja Nova, POSTO DE SAUDE CAPIM GROSSO
AL, Igreja Nova, ESF 05 CENTRO DE SAUDE DOMETILA G RAPOSO
AL, Igreja Nova, POSTO DE SAUDE DE FAZENDA NOVA IGREJA NOVA
AL, Igreja Nova, POSTO DE SAUDE DE TAPERA
AL, Igreja Nova, ESF 07 CENTRO DE SAUDE JENIPAPO
AL, Igreja Nova, ESF 01 CENTRO DE SAUDE DALMO ROCHA RAPOSO
AL, Igreja Nova, ESF 08 CENTRO DE SAUDE VISTA ALEGRE
AL, Inhapi, UBS JOAO FRANCISCO VIEIRA
AL, Inhapi, UBS CURRALINHO
AL, Inhapi, UBS GRAVATA
AL, Inhapi, CENTRO DE SAUDE DRDENISSON DE MENEZES
AL, Inhapi, POSTO DE SAUDE DR PAULO FELIX DE SOUZA
AL, Jacaré dos Homens, POSTO DE SAUDE BAIXAS
AL, Jacaré dos Homens, POSTO DE SAUDE JOAO ALEIXO DE ANDRADE
AL, Jacaré dos Homens, POSTO SAO JOSE
AL, Jacaré dos Homens, ANTONIO FIGUEREDO
AL, Jacaré dos Homens, POSTO DE SAUDE SANTO ANTONIO
AL, Jacaré dos Homens, UBS LAURA SOUTO SILVA
AL, Jacaré dos Homens, CENTRO DE SAUDE PREFEITO ANTONIO FIGUEIREDO
AL, Jacuípe, USF BOA VISTA ESF 03
AL, Jacuípe, CENTRO DE SAUDE JOSE MOREIRA DA SILVA
AL, Japaratinga, UNIDADE DE SAUDE DAVI LIMA DE MENDONCA
AL, Japaratinga, CENTRO DE SAUDE DE JAPARATINGA
AL, Japaratinga, CENTRO DE SAUDE NOEMIA VASCONCELOS
AL, Japaratinga, UNIDADE DE SAUDE CECILIANO COELHO PS DE BARREIRAS
AL, Jaramataia, POSTO DE SAUDE DO ALTAO
AL, Jaramataia, POSTO DE SAUDE CAMPO ALEGRE
AL, Jaramataia, CENTRO DESAUDE JOSEFA BARBOSA CESAR
AL, Jequiá da Praia, UBS VEREADOR AUGUSTO CELESTINO DOS SANTOS
AL, Jequiá da Praia, AMBULATORIO DE URGENCIA 24 HORAS JEQUIA DA PRAIA
AL, Jequiá da Praia, UBS SALOMAO BARBOSA DA SILVA
AL, Jequiá da Praia, USF FUNDACAO
AL, Jequiá da Praia, USF SINHA CAVALCANTE I
AL, Jequiá da Praia, UBS MARIA NICEIAS DA CONCEICAO MARIA TEMOTEO
AL, Jequiá da Praia, POSTO DE SAUDE DE LAGOA AZEDA
AL, Jequiá da Praia, USF SINIMBU II
AL, Joaquim Gomes, PSF ASPLANA
AL, Joaquim Gomes, PSF DA CASAL
AL, Joaquim Gomes, PSF PROF YOLITA ARAUJO DE MOURA
AL, Joaquim Gomes, PSF USINA AGRISA
AL, Joaquim Gomes, POSTO DE SAUDE SITIO CANTO
AL, Joaquim Gomes, POSTO DE SAUDE DA FAMILIA CACIMBAS
AL, Joaquim Gomes, PSF FELIZ DESERTO
AL, Joaquim Gomes, USF LAERCIO DIAS DE ABREU
AL, Jundiá, UNIDADE BASICA DE SAUDE ANTONIO JOSE DE VERCOSA
AL, Jundiá, CENTRO DE SAUDE DE JUNDIA
AL, Jundiá, UNIDADE BASICA DE SAUDE PSF 01
AL, Junqueiro, POSTO DE SAUDE CHA DO MEIO
AL, Junqueiro, POSTO DE SAUDE PAU FERRO
AL, Junqueiro, POSTO DE SAUDE BAIXA FRIA
AL, Junqueiro, POSTO DE SAUDE PAU BENTO
AL, Junqueiro, UNIDADE BASICA DE SAUDE DA FAMILIA URUBA
AL, Junqueiro, POSTO DE SAUDE LARANJEIRA
AL, Junqueiro, UNIDADE BASICA DE SAUDE DA FAMILIA RETIRO
AL, Junqueiro, POSTO DE SAUDE TAMANDUA
AL, Junqueiro, UNIDADE BASICADE SAUDE DA FAMILIA RIACHAO
AL, Junqueiro, POSTO DE SAUDE COROA DE AREIA
AL, Junqueiro, UNIDADE BASICA DE SAUDE DA FAMILIA MUTIRAO II
AL, Junqueiro, UNIDADE BASICA DE SAUDE DA FAMILIA MUTIRAO
AL, Junqueiro, POSTO DE SAUDE BARRO VERMELHO
AL, Junqueiro, POSTO DE SAUDE CHA DO BREJO
AL, Junqueiro, UNIDADE BASICA DE SAUDE DA FAMILIA INGA
AL, Junqueiro, POSTO DE SAUDE RETIRO VELHO
AL, Junqueiro, UNIDADE BASICA DE SAUDE DA FAMILIA PALMEIRINHA
AL, Junqueiro, UNIDADE BASICA DE SAUDE DA FAMILIA DE JUNQUEIRO
AL, Junqueiro, POSTO DE SAUDE CHA DA PONTA
AL, Junqueiro, UNIDADE BASICA DE SAUDE DA FAMILIA MARIA CORINA PEREIRA
AL, Junqueiro, POSTO DE SAUDE VARZEA DE CIMA
AL, Junqueiro, POSTO DE SAUDE ATOLEIRO
AL, Junqueiro, POSTO DE SAUDE SAO BENEDITO
AL, Lagoa da Canoa, POSTO DE SAUDE BARRO PRETO
AL, Lagoa da Canoa, POSTO DE SAUDE QUEIMADA
AL, Lagoa da Canoa, POSTO DE SAUDE DE FOLHA MIUDA DE BAIXO
AL, Lagoa da Canoa, UNIDADE BASICA DE SAUDE ANTONIO FRANCISCO DOS SANTOS
AL, Lagoa da Canoa, POSTO DE SAUDE RIACHO FUNDO
AL, Lagoa da Canoa, UNIDADE BASICA DE SAUDE JOSE PORFIRIO DOS SANTOS
AL, Lagoa da Canoa, UNIDADE BASICA DE SAUDE JOAO PEREIRA MACHADO
AL, Lagoa da Canoa, CENTRO DE PARTO NORMAL E AMB 24H NOSSA SENHORA DA CONCEICAO
AL, Lagoa da Canoa, POSTO DE SAUDE PAU DARCO
AL, Lagoa da Canoa, POSTO DE SAUDE FUNIL LAGOA DA CANOA
AL, Lagoa da Canoa, UNIDADE BASICA DE SAUDE ANANIAS VIEIRA SAMPAIO
AL, Lagoa da Canoa, POSTO DE SAUDE DE OLHO D AGUA LAGOA DA CANOA
AL, Lagoa da Canoa, POSTO DE SAUDE LAGOA DA PEDRA
AL, Lagoa da Canoa, POSTO DE SAUDE CAPIM LAGOA DA CANOA
AL, Lagoa da Canoa, POSTO DE SAUDE BARRO VERMELHO LAGOA DA CANOA
AL, Lagoa da Canoa, UNIDADE BASICA DE SAUDE AURELINO RODRIGUES DE PAULA
AL, Lagoa da Canoa, CENTRO DE SAUDE MANOEL ROCHA DOS SANTOS
AL, Limoeiro de Anadia, UNIDADE DE SAUDE DA FAMILIA GENIPAPO
AL, Limoeiro de Anadia, POSTO DE SAUDE CHA DO MIRANDA
AL, Limoeiro de Anadia, POSTO DE SAUDE DO SITIO CANTO
AL, Limoeiro de Anadia, CASA MAMAE BEBE MARIA DO CARMO ARAUJO
AL, Limoeiro de Anadia, UNIDADE DE SAUDE DE TIMBO
AL, Limoeiro de Anadia, POSTO DE SAUDE CAJUEIRO
AL, Limoeiro de Anadia, CENTRO DE SAUDE M CELINA RIBEIRO
AL, Limoeiro de Anadia, POSTO DE SAUDE PERI PERI
AL, Limoeiro de Anadia, POSTO DE SAUDE TERRA NOVA
AL, Limoeiro de Anadia, UNIDADE DE SAUDE DA FAMILIA MARIA FRANCISCA DAS DORES
AL, Limoeiro de Anadia, POSTO DE SAUDE PAPA FARINHA
AL, Limoeiro de Anadia, UNIDADE DE SAUDE DA FAMILIA CAMADANTA
AL, Limoeiro de Anadia, POSTO DE SAUDE OLHO DAGUA L CARLOS
AL, Limoeiro de Anadia, UNIDADE DE SAUDE DA FAMILIA AREIA VERMELHA
AL, Limoeiro de Anadia, UNIDADE MISTA N S DAS DORES
AL, Limoeiro de Anadia, UNIDADE DE SAUDE DA FAMILIA PE LEVE
AL, Limoeiro de Anadia, CENTRO DE REABILITACAO JOSE CARLOS DOS SANTOS SILVA
AL, Limoeiro de Anadia, UNIDADE DE SAUDE DA FAMILIA PEDRO DOMINGOS DOS SANTOS
AL, Limoeiro de Anadia, UNIDADE DE SAUDE DA FAMILA CADOZ
AL, Limoeiro de Anadia, POSTO DE SAUDE POCAO
AL, Limoeiro de Anadia, UNIDADE DE SAUDE DA FAMILIA MIRACEMA
AL, Limoeiro de Anadia, ESF MAMOEIRO
AL, Limoeiro de Anadia, CENTRO DE REABILITACAO ISMAR FAUSTINO DA SILVA
AL, Limoeiro de Anadia, UNIDADE DE SAUDE DA FAMILIA TIPI
AL, Limoeiro de Anadia, UNIDADE DE SAUDE DA FAMILIA CACIMBAS
AL, Maceió, CENTRO DE SAUDE SAO JOSE CANAA 3 DS
AL, Maceió, CENTRO DE SAUDE DR HAMILTON FALCAO 6 DS
AL, Maceió, UNID DE SAUDE DA FAMILIA PAULO OLIVEIRA COSTA UDA 3 DS
AL, Maceió, US DA FAMILIA SELMA BANDEIRA 6 DS
AL, Maceió, NUCLEO DE ATENCAO SAUDE SERVIDOR NASS
AL, Maceió, AMBULATORIO DE ACOLHIMENTO E CUIDADO INTEGRAL A SAUDE LGBT
AL, Maceió, UNIDADE DE SAUDE DA FAMILIA OURO PRETO 3 DS
AL, Maceió, UBS DR ANTONIO DE PADUA CAVALCANTE 4 DS
AL, Maceió, UNIDADE DE SAUDE DA FAMILIA JOSE ARAUJO SILVA 5 DS
AL, Maceió, C S WALDOMIRO ALENCAR CENTRO DE PUERICULT 5 DS
AL, Maceió, UNIDADE DE SAUDE DA FAMILIA VEREADOR SERGIO QUINTELLA 7 DS
AL, Maceió, UNIDADE DE SAUDE DR DIDIMO OTTO KUMMER 6 DS
AL, Maceió, UNIDADE DE SAUDE DA FAMILIA JOSE BERNARDES NETO ABC 4 DS
AL, Maceió, UNIDADE BASICA DE SAUDE PARAISO DO HORTO 4 DS
AL, Maceió, UNIDADE BASICA DE SAUDE VANDERLI MARIA DE ANDRADE 8 DS
AL, Maceió, CENTRO DE SAUDE DO REGINALDO 1 DS
AL, Maceió, UNID BASICA DE SAUDE MARIA TEREZA HOLANDA COSTA 3 DS
AL, Maceió, CENTRO DE SAUDE DAVID NASSER IPIOCA 8 DS
AL, Maceió, UNIDADE DE SAUDE DA FAMILIA GUAXUMA 8 DS
AL, Maceió, CAIC DR JOSE MARIA DE MELO CAIC BENEDITO BENTES II 6 DS
AL, Maceió, PSF VILA BREJAL JARDIM SAO FRANCISCO 2 DS
AL, Maceió, CENTRO DE SAUDE DO FEITOSA CS PAULO LEAL 5 DS
AL, Maceió, UBS DR WALTER DE MOURA LIMA 7 DS
AL, Maceió, UNID DE SAUDE DOCENTE ASSIST JOSE LAJES FILHO UNIT 8 DS
AL, Maceió, UNIDADE DE SAUDE JOSE GUEDES FARIAS 4 DS
AL, Maceió, UNIDADE DE SAUDE DR CLAUDIO MEDEIROSRIO NOVO 4 DS
AL, Maceió, MODULO ODONTOLOGICO RUI PALMEIRA
AL, Maceió, PSF PESCARIA 8 DS
AL, Maceió, UNIDADE DE SAUDE DA FAMILIA DURVAL CORTEZ
AL, Maceió, UNIDADE DO PSF VALE DO PITANGUINHA 3 DS
AL, Maceió, UNIDADE BASICA DE SAUDE GRACILIANO RAMOS 7 DS
AL, Maceió, PRESIDIO MASCULINO DE SEGURANCA MEDIA PROFESSOR CYRIDIAO DUR
AL, Maceió, UNIDADE BASICA DE SAUDE DR JOSE GONCALVES SOBRINHO
AL, Maceió, UNIDADE DE SAUDE DA FAMILIA GALBA NOVAES
AL, Maceió, NUCLEO RESSOCIALIZADOR DA CAPITAL
AL, Maceió, UNIDADE DE SAUDE DR HELVIO AUTO
AL, Maceió, UNIDADE DE SAUDE GERALDO MELO 4 DS
AL, Maceió, UNIDADE DE SAUDE DR ROBSON CAVALCANTE 6 DS
AL, Maceió, GERENCIA DE SAUDE DO SISTEMA PRISIONAL
AL, Maceió, CENTRO DE SAUDE FELICIO NAPOLEAO 5 DS
AL, Maceió, UNIDADE DE SAUDE ALIOMAR ALMEIDA LINS 6 DS
AL, Maceió, US FREI DAMIAO 6 DS
AL, Maceió, CENTRO PSIQUIATRICO JUDICIARIO PEDRO MARINHO SURUAGY
AL, Maceió, PRESIDIO FEMININO SANTA LUZIA
AL, Maceió, UBS IRIS WAGNER ROCHA DE OLIVEIRA
AL, Maceió, CENTRO DE SAUDE DA ETFAL
AL, Maceió, UNIDADE DE SAUDE MARIA CONCEICAO FONSECA PARANHOS 8 DS
AL, Maceió, CAIC VIRGEM DOS POBRES 2 DS
AL, Maceió, PRESIDIO DE SEGURANCA MAXIMA
AL, Maceió, CASA DE CUSTODIA DA CAPITAL
AL, Maceió, PENITENCIARIA DE SEGURANCA MAXIMA
AL, Maceió, UNIDADE DE SAUDE DO PROGRAMA DA FAMILIA JOAO SAMPAIO 4 DS
AL, Maceió, POSTO DE SAUDE S FRANCISCO DE PAULAGROTA DO ARROZ 8 DS
AL, Maceió, UNIDADE DE S JOSE TENORIO DE A LINS 5 DS
AL, Maceió, CENTRO DE SAUDE SAO VICENTE DE PAULA PINHEIRO 3 DS
AL, Maceió, SAD MACEIO
AL, Maceió, CENTRO DE SAUDE TEREZA BARBOSA 7 DS
AL, Maceió, C S ROLAND SIMON PAM VERGEL 2 DS
AL, Maceió, CENTRO DE SAUDE OSWALDO B VILELA 1 DS
AL, Maceió, UNIDADE DE SAUDE EDVALDO SILVA 4 DS
AL, Maceió, UDA DIVALDO SURUAGY 5 DS
AL, Maceió, CENTRO DE SAUDE DR JOSE PIMENTEL AMORIM 7 DS
AL, Maceió, UNIDADE DE SAUDE DENISSON MENEZES 7 DS
AL, Maceió, UNIDADE DE SAUDE DR JOAO MACARIO DE OMENA FILHO 7 DS
AL, Maceió, POSTO DE SAUDE DA COMURB
AL, Maceió, UNIDADE DE SAUDE DA FAMILIA VILLAGE CAMPESTRE II 7 DS
AL, Maceió, UNID DE SAUDE DA FAMILIA SAO VICENTE DE PAULA 3 DS
AL, Maceió, PRESIDIO MASCULINO BALDOMERO CAVALCANTI OLIVEIRA
AL, Maceió, C S TARCISIO PALMEIRA PSF PONTAL 2 DS
AL, Maceió, UNIDADE DE SAUDE DR ARTHUR RAMOS 6 DS
AL, Maceió, PAM DIQUE ESTRADA 2 DS
AL, Maceió, UNIDADE DE SAUDE GROTA DO MOREIRA 5 DS
AL, Maceió, UBS JORGE DUARTE QUINTELA CAVALCANTE 7 DS
AL, Maceió, UNIDADE DE SAUDE DA FAMILIA ROSANE COLLOR 7 DS
AL, Maceió, UNIDADE DE SAUDE VILAGE CAMPESTRE 7 DS
AL, Maceió, UNIDADE DE SAUDE DA FAMILIA NOVO MUNDO 5 DS
AL, Maceió, USF JOSE MARIA DE VASCONCELOS NETO 5 DS
AL, Major Isidoro, UNIDADE SAUDE DA FAMILIA MARIA VIEIRA ALMEIDA
AL, Major Isidoro, UNIDADE MISTA DR EZECHIAS DA ROCHA
AL, Major Isidoro, UNIDADE SAUDE DA FAMILIA DR JOAO ROCHA FILHO
AL, Major Isidoro, UNIDADE DE SAUDE DA FAMILIA DRA LIVIA MOREIRA ALVES
AL, Major Isidoro, USF JOSE HERMINIO AMARAL NETO
AL, Major Isidoro, USF DR GETULIO IZIDORO DA ROCHA
AL, Major Isidoro, UNIDADE SAUDE DA FAMILIA DA BEZERRA
AL, Major Isidoro, UNIDADE SAUDE DA FAMILIA SAO JOAO
AL, Maragogi, USF EURICO WANDERLEY
AL, Maragogi, ERALDO MENDES DE VASCONCELOS
AL, Maragogi, USF SAO PEDRO
AL, Maragogi, USF DR ARSENIO COSTA
AL, Maragogi, USF ADELIA LIRA
AL, Maragogi, UNIDADE MISTA MARIA VICENCIA LIMA DE LIRA
AL, Maragogi, USF JOSE ALVIM FONTES
AL, Maragogi, USF ITABAIANA
AL, Maragogi, USF COSTA DOURADA
AL, Maragogi, CENTRO DE SAUDE EURICO ACIOLY WANDERLEY
AL, Maragogi, USF CARVAO
AL, Maragogi, USF AMBROZINA SALES
AL, Maravilha, POSTO DE SAUDE LAGOA DO TOURO
AL, Maravilha, POSTO DE SAUDE JOAO PETRONILO GAMA
AL, Maravilha, CENTRO DE SAUDE DE MARAVILHA
AL, Maravilha, USF URBANO II
AL, Maravilha, USF SAO CRISTOVAO
AL, Maravilha, POSTO DE SAUDE CEDRO
AL, Maravilha, POSTO DE SAUDE CAPIA NOVO
AL, Maravilha, USF ALEXANDRE GOMES
AL, Maravilha, POSTO DE SAUDE CONEGUNDES LUIZ DIONIZIO
AL, Marechal Deodoro, POSTO DE SAUDE DO RIACHO VELHO
AL, Marechal Deodoro, UNIDADE DE SAUDE DA FAMILIA SANTA RITA MARIA DO C A SOARES
AL, Marechal Deodoro, UNIDADE DE SAUDE DA FAMILIA GISLENE MATHEUS
AL, Marechal Deodoro, UNIDADE DE SAUDE DA FAMILIA FRANCES
AL, Marechal Deodoro, MELHOR EM CASA
AL, Marechal Deodoro, UNIDADE DE SAUDE DA FAMILIA TAPERAGUA
AL, Marechal Deodoro, UNIDADE DE SAUDE DA FAMILIA DAS PEDRAS
AL, Marechal Deodoro, UNIDADE DE SAUDE DA FAMILIA TERRA DA ESPERANCA
AL, Marechal Deodoro, UNIDADE DE SAUDE DA FAMILIA DO JOSE DIAS
AL, Marechal Deodoro, UNIDADE DE SAUDE DA FAMILIA POEIRA
AL, Marechal Deodoro, UNIDADE DE SAUDE DA FAMILIA DE MALHADAS
AL, Marechal Deodoro, UNIDADE DE SAUDE DA FAMILIA BARRA NOVA
AL, Marechal Deodoro, UNIDADE DE SAUDE DA FAMILIA DO DENISON AMORIM
AL, Marechal Deodoro, UNIDADE DE SAUDE DA FAMILIA MASSAGUEIRA
AL, Marechal Deodoro, UNIDADE DE SAUDE DA FAMILIA BARRO VERMELHO
AL, Marechal Deodoro, UNIDADE DE SAUDE DA FAMILIA TUQUANDUBA
AL, Marechal Deodoro, UNIDADE DE SAUDE DA FAMILIA RUA DA ESTIVA
AL, Marechal Deodoro, UNIDADE DE SAUDE DA FAMILIA DA VILA ALTINA
AL, Marechal Deodoro, UNIDADE DE SAUDE DA FAMILIA RUA NOVA MASSAGUEIRA II
AL, Marechal Deodoro, POSTO DE SAUDE SACO
AL, Maribondo, USF II CAPRICHO
AL, Maribondo, USF V SALGADO
AL, Maribondo, USF I EURICO JUVI
AL, Maribondo, USF III JOSE ZEFERINO DO CARMO
AL, Maribondo, USF IV MATA VERDE
AL, Maribondo, CENTRO DE SAUDE JOSEFA TITARA DO CARMO
AL, Mar Vermelho, CENTRO DE SAUDE DR HUMBERTO GOMES DE MELO
AL, Mar Vermelho, POSTO DE SAUDE SITIO BOA VISTA
AL, Mata Grande, POSTO DE SAUDE URBANO I
AL, Mata Grande, UBS MORRO VERMELHO
AL, Mata Grande, CENTRO DE SAUDE SANTA CRUZ DO DESERTO
AL, Mata Grande, POSTO DE SAUDE MARIA DO SOCORRO ELIZEU BRANDAO
AL, Mata Grande, POSTO DE SAUDE URBANO II
AL, Mata Grande, UNIDADE MISTA JOAQUIM PAULO VIEIRA MALTA
AL, Mata Grande, UBS CACHOEIRA
AL, Matriz de Camaragibe, UNIDADE SAUDE DA FAMILIA DR LUIZ MOREIRA
AL, Matriz de Camaragibe, UNIDADE DE SAUDE DA FAMILIA ARLETE MENDONCA
AL, Matriz de Camaragibe, UNIDADE DE SAUDE DA FAMILIA SANTA CRUZ DO RIACHAO
AL, Matriz de Camaragibe, UNIDADE DE SAUDE DA FAMILIA HUMAITA
AL, Matriz de Camaragibe, UNIDADE DE SAUDE DA FAMILIA JOSE CAVALCANTE ARAUJO
AL, Matriz de Camaragibe, UNIDADE DE SAUDE DA FAMILIA JOSE MEDEIROS
AL, Matriz de Camaragibe, UNIDADE BASICA DE SAUDE VERA LUCIA DOS SANTOS SILVA
AL, Matriz de Camaragibe, UNIDADE DE SAUDE DA FAMILIA RENATA MARANHAO
AL, Matriz de Camaragibe, UNIDADE DE SAUDE DA FAMILIA ANTONIO QUEIROZ
AL, Messias, UNIDADE BASICA DE SAUDE JOSE AMORIM DE ALMEIDA
AL, Messias, UBS DR MILTON HENIO NETTO DE GOUVEA
AL, Messias, UNIDADE BASICA DE SAUDE LUIZA OLIVEIRA SURUAGY
AL, Messias, CENTRO DE SAUDE ALEX GUIMARAES
AL, Messias, POSTO DE SAUDE BITITINGA
AL, Messias, POSTO DE SAUDE MANOEL LINS CALHEIROS
AL, Minador do Negrão, CENTRO DE SAUDE D PEDRO I
AL, Minador do Negrão, UNIDADE DE SAUDE DA FAMILIA SEBASTIAO CARSOSO
AL, Minador do Negrão, CASA MATERNAL LEONOR PAES FERRO
AL, Minador do Negrão, UNIDADE DE SAUDE DA FAMILIA JIQUIRI
AL, Monteirópolis, POSTO DE SAUDE LAGOA DA ARARA
AL, Monteirópolis, POSTO DE SAUDE DO AGRESTE
AL, Monteirópolis, POSTO DE SAUDE CICERO ROMAO MACIEL
AL, Monteirópolis, CENTRO DE SAUDE DE MONTEIROPOLIS
AL, Murici, USF IVONETE MARQUES DE LIMA
AL, Murici, USF 5 DE JULHO
AL, Murici, USF GERALDO VIRGILIO
AL, Murici, USF ANTONIA BATISTA DE MELO
AL, Murici, USF CLEOMENES PEREIRA DE AGUIAR
AL, Murici, USF FAZENDA JUSSARA
AL, Murici, USF HOSANA GOMES DA SILVEIRA
AL, Murici, USF LENIRA TENORIO CAVALCANTE
AL, Murici, USF PRESIDENTE VARGAS
AL, Murici, USF DR JOSE DE ASSIS PEREIRA DE MELO
AL, Murici, USF USINA SAO SIMEAO
AL, Novo Lino, UNID BASICA DE SAUDE TERTULIANO TURIBIO DE ARAUJO
AL, Novo Lino, UNIDADE DE SAUDE OLINDINA CLAUDINO DA SILVA
AL, Novo Lino, UNIDADE BASICA SAUDE DA FAMILIA MARIA JOAQUINA
AL, Novo Lino, UNIDADE BASICA DE SAUDE FAZENDA ITAJUBA
AL, Olho d'Água das Flores, UBS PEDRO SALES
AL, Olho d'Água das Flores, UBS SANTO ANTONIO
AL, Olho d'Água das Flores, UBS NOSSA SENHORA DE FATIMA
AL, Olho d'Água das Flores, UBS SAGRADA FAMILIA
AL, Olho d'Água das Flores, UBS CECILIA FARIAS SILVA
AL, Olho d'Água das Flores, UBS NOVA BRASILIA
AL, Olho d'Água das Flores, UBS LANUZA ABREU
AL, Olho d'Água das Flores, UBS NOSSA SENHORA DA CONCEICAO
AL, Olho d'Água das Flores, UNIDADE ADELIA ABREU VILAR
AL, Olho d'Água do Casado, CENTRO DE SAUDE OLHO DAGUA DO CASADO
AL, Olho d'Água do Casado, UNIDADE BASICA DE SAUDE ALTO DA BOA VISTA
AL, Olho d'Água Grande, POSTO DE SAUDE POCO COMPRIDO
AL, Olho d'Água Grande, CENTRO MUNICIPAL DE SAUDE JOAO NASCIMENTO FILHO
AL, Olho d'Água Grande, POSTO DE SAUDE POVOADO OITEIRO ALTO
AL, Olho d'Água Grande, POSTO DE SAUDE OLHO DAGUA PEQUENO
AL, Olho d'Água Grande, ESF PONTA DA SERRA
AL, Olho d'Água Grande, POSTO DE SAUDE BARRA DANTAS
AL, Olho d'Água Grande, POSTO DE SAUDE MARABA
AL, Olho d'Água Grande, POSTO DE SAUDE BORGES
AL, Olivença, UNIDADE DE SAUDE L DOS CANJOS
AL, Olivença, UNIDADE DE SAUDE DE F NOVA
AL, Olivença, UNIDADE DE SAUDE P DA CACIMBA
AL, Olivença, UBS JOSEFA FRANCISCA DE MENEZES
AL, Olivença, CENTRO DE SAUDE C LUIS C SILVA
AL, Ouro Branco, POSTO DE SAUDE PILAO DO GATO
AL, Ouro Branco, UBS VANILDO DA SILVA CABRAL
AL, Ouro Branco, POSTO DE SAUDE CAPELINHA
AL, Ouro Branco, CENTRO DE SAUDE MARIA AMELIA DA CONCEICAO
AL, Ouro Branco, POSTO DE SAUDE VARZEA DO MARINHO
AL, Ouro Branco, UBS JOSE CARLITO DE SOUZA TRAPICHE
AL, Palestina, CENTRO DE SAUDE MARIA LESSA DA SILVA
AL, Palestina, UNID BASICA DE SAUDE VILA SANTO ANTONIO
AL, Palestina, UNID BASICA DE PALESTINA
AL, Palmeira dos Índios, USF CANAFISTULA
AL, Palmeira dos Índios, USF SAO FRANCISCO
AL, Palmeira dos Índios, USF BOA SORTE
AL, Palmeira dos Índios, USF OASIS II
AL, Palmeira dos Índios, USF VILA NOVA
AL, Palmeira dos Índios, USF CENTRO
AL, Palmeira dos Índios, USF ALGODAOZINHO
AL, Palmeira dos Índios, USF OASIS I
AL, Palmeira dos Índios, USF EUCALIPTO
AL, Palmeira dos Índios, USF SALGADA
AL, Palmeira dos Índios, USF DENILMA BULHOES
AL, Palmeira dos Índios, USF SANTO ANTONIO
AL, Palmeira dos Índios, POSTO DA CRIANCA
AL, Palmeira dos Índios, USF SERRA DA MANDIOCA
AL, Palmeira dos Índios, USF CORURIPE DA CAL
AL, Palmeira dos Índios, USF BONIFACIO
AL, Palmeira dos Índios, USF VILA MARIA
AL, Palmeira dos Índios, USF VILA JOAO XXIII
AL, Palmeira dos Índios, USF CARAIBAS TORTA
AL, Palmeira dos Índios, USF SAO CRISTOVAO II
AL, Palmeira dos Índios, USF SERRA DA BOA VISTA
AL, Palmeira dos Índios, USF SAO CRISTOVAO I
AL, Palmeira dos Índios, USF XUCURUS
AL, Pão de Açúcar, POSTO DE SAUDE DE MACHADO
AL, Pão de Açúcar, EQUIPE DE SAUDE DA FAMILIA DO JAPAO PSF V
AL, Pão de Açúcar, UNIDADE DE SAUDE DA FAMILIA PSF I
AL, Pão de Açúcar, POSTO DE SAUDE DE SANTIAGO
AL, Pão de Açúcar, CENTRO DE FISIOTERAPIA
AL, Pão de Açúcar, EQUIPE DE SAUDE DA FAMILIA DE MEIRUS
AL, Pão de Açúcar, POSTO DE SAUDE DE LIMOEIRO
AL, Pão de Açúcar, UNIDADE DE SAUDE DA FAMILIA NOSSA SENHORA DA SAUDE
AL, Pão de Açúcar, UNIDADE MISTA DR DJALMA GONCALVES DOS ANJOS
AL, Pão de Açúcar, ESF 6 JOAO ANTONIO DOS SANTOS
AL, Pão de Açúcar, UNIDADE DE SAUDE DE JACAREZINHO ESF III
AL, Pão de Açúcar, UNIDADE DE SAUDE DA FAMILIA DE IMPOEIRA PSF 7
AL, Pão de Açúcar, CENTRO DE SAUDE DR HEITOR M ALBUQUERQUE PSF II
AL, Pão de Açúcar, POSTO DE SAUDE DE LAGOA DE PEDRA PSF IV
AL, Pão de Açúcar, POSTO DE SAUDE DE ILHA DO FERRO
AL, Pariconha, UNIDADE BASICA DE SAUDE DE CARAIBEIRAS
AL, Pariconha, UNIDADE BASICA DE SAUDE DE CAMPINHOS
AL, Pariconha, POSTO DE SAUDE DE TANQUE
AL, Pariconha, POSTO DE SAUDE VERDAO
AL, Pariconha, POSTO DE SAUDE CAPIM PARICONHA
AL, Pariconha, UNIDADE BASICA DE SAUDE DA SERRA DOS VITORIOS
AL, Pariconha, UNIDADE BASICA DE SAUDE URBANA I
AL, Pariconha, UNIDADE BASICA DE SAUDE MARIA SAO PEDRO CORREIA KATOKINN
AL, Pariconha, CENTRO DE SAUDE JULIA FERREIRA
AL, Pariconha, POSTO DE SAUDE DO ENGENHO PARICONHA
AL, Pariconha, UNIDADE BASICA DE SAUDE MARCACAO
AL, Paripueira, USF CENTRAL
AL, Paripueira, USF HARRY TENORIO DE OLIVEIRA
AL, Paripueira, USF ALTO DA BOA VISTA
AL, Passo de Camaragibe, UNIDADE BASICA DE SAUDE DE MARCINEIROS MARIA LUIZA L DURVAL
AL, Passo de Camaragibe, UNIDADE BASICA DE SAUDE MARIA ELIZA DA SILVA
AL, Passo de Camaragibe, UNIDADE BASICA DE SAUDE PREF CYRIDIAO DURVAL PEIXOTO
AL, Passo de Camaragibe, UNIDADE DR CARLOS GOMES DE BARROS
AL, Passo de Camaragibe, UNIDADE BASICA DE SAUDE SEVERINO CARLOS CORREIA MARANHAO
AL, Passo de Camaragibe, UNIDADE BASICA DE SAUDE PAULO S DOS SANTOS BOM DESPACHO
AL, Passo de Camaragibe, UNIDADE BASICA DE SAUDE JOSE CARLOS SOUZA SILVER
AL, Paulo Jacinto, UNIDADE BASICA DE SAUDE MARIO LEANDRO DA COSTA
AL, Paulo Jacinto, UNIDADE BASICA DE SAUDE ROBERTO COSTA LIMA
AL, Paulo Jacinto, UNIDADE BASICA DE SAUDE ELIAS BERNARDINO FILHO
AL, Paulo Jacinto, UNIDADE MISTA MARINA LAMENHA
AL, Paulo Jacinto, POSTO DE SAUDE FREI DAMIAO PSF II
AL, Penedo, ESF GABRIEL 05
AL, Penedo, USF DE SANTA MARGARIDA
AL, Penedo, UNIDADE DE SAUDE DA FAMILIA DR JAIRO LEITE DA SILVA
AL, Penedo, USF BAIRRO VITORIA
AL, Penedo, USF DE PALMEIRA ALTA
AL, Penedo, USF JOSE EDILENO DA SILVA
AL, Penedo, USF RAIMUNDINHO
AL, Penedo, USF TABOLEIRO DOS NEGROS
AL, Penedo, USF DR LUIZ MACHADO LOBO
AL, Penedo, UNIDADE DA SAUDE DA FAMILIA DR ALCIDES DOS SANTOS ANDRADE
AL, Penedo, POSTO DE SAUDE ADELMO FERREIRA DA SILVA
AL, Penedo, USF COOPERATIVA I
AL, Penedo, USF CENTRO
AL, Penedo, USF GABRIEL 04
AL, Penedo, USF ANTONIA LEITE DA SILVA
AL, Penedo, USF VEREADOR ARGEMIRO SATIRO DA ROCHA
AL, Penedo, USF VILA MATIAS
AL, Penedo, USF ROSETE ANDRADE
AL, Penedo, ESF RAIMUNDINHO 09
AL, Penedo, USF CAPELA
AL, Piaçabuçu, POSTO DE SAUDE DO RETIRO
AL, Piaçabuçu, UNIDADE DE APOIO SUDENE
AL, Piaçabuçu, UNIDADE DE APOIO PENEDINHO
AL, Piaçabuçu, UNIDADE DE APOIO BONITO
AL, Piaçabuçu, POSTO DE SAUDE FRANCISCO MELO POTENGY
AL, Piaçabuçu, CENTRO DE SAUDE BRASILIA
AL, Piaçabuçu, CENTRO DE SAUDE II
AL, Piaçabuçu, UNIDADE DE SAUDE NAIR GOES MACHADO
AL, Piaçabuçu, POSTO DE SAUDE PONTAL DO PEBA
AL, Pilar, USF LOTMANGUABA I
AL, Pilar, JOSE MANOEL DOS SANTOS
AL, Pilar, USF CAIC II
AL, Pilar, HORACIO EUZEBIO SERAFIM USF DO FORNO I
AL, Pilar, USF JULIO CANSANCAO I
AL, Pilar, USF CAIC I
AL, Pilar, USF CHA DO PILAR
AL, Pilar, USF FORNO II
AL, Pilar, USF LOTEAMENTO MANGUABA II
AL, Pilar, U S F PERNAMBUCO NOVO
AL, Pilar, USF ARISTIDES BELARMINO
AL, Pilar, USF CHA DO TANGIL
AL, Pilar, ESF 09 MANGABEIRA
AL, Pindoba, CENTRO DE SAUDE VEREADOR JOSE GOMES CALHEIROS
AL, Pindoba, POSTO DE SAUDE PIMENTAS
AL, Piranhas, UBS DR ULISSES LUNA
AL, Piranhas, C S DR PEDRO JOSE DOS SANTOS
AL, Piranhas, C S NEHEMIAS RODRIGUES ALENCAR
AL, Piranhas, UBS AUDALIO BRASILIANO
AL, Piranhas, UN MISTA SEN ARNON A F DE MELO
AL, Piranhas, UBS DJALMA GONCALVES DOS ANJOS
AL, Piranhas, UBS LUIZ LUNA TORRES
AL, Poço das Trincheiras, POSTO DE SAUDE JOSE CIRILO DOS SANTOS
AL, Poço das Trincheiras, UNIDADE BASICA DE SAUDE ESF 4
AL, Poço das Trincheiras, UBS JOSE SOARES BRITO
AL, Poço das Trincheiras, POSTO DE SAUDE VEREADOR EVERALDO AQUINO SILVA
AL, Poço das Trincheiras, POSTO DE SAUDE SACO DO RAMALHO
AL, Poço das Trincheiras, CENTRO DE SAUDE ADEMAR MEDEIROS
AL, Poço das Trincheiras, POSTO DE SAUDE MARIA DE LOURDES DA SILVA
AL, Poço das Trincheiras, UBS MIGUEL FERNANDES DE OLIVEIRA
AL, Poço das Trincheiras, UNIDADE DE SAUDE DA FAMILIA SAO JOAQUIM
AL, Poço das Trincheiras, UBS SAO CAETANO
AL, Porto Calvo, UBS MARIA DA PENHA AIRES DE OLIVEIRA
AL, Porto Calvo, UBS VARADOURO I
AL, Porto Calvo, UBS MANGAZALA
AL, Porto Calvo, UBS USINA SANTA MARIA
AL, Porto Calvo, UBS VARADOURO II
AL, Porto Calvo, UBS ALECRIM
AL, Porto Calvo, UBS ALECRIM II
AL, Porto Calvo, UBS ANTARTICA
AL, Porto Calvo, UBS POVOADO CAXANGA
AL, Porto Calvo, UBS DR JULIO C M UCHOA PORTO CALVO
AL, Porto de Pedras, UNIDADE DE SAUDE DA FAMILIA PEDRO DA CUNHA LIMA
AL, Porto de Pedras, UNIDADE DE SAUDE DA FAMILIA JOSE FERREIRA DE MACEDO
AL, Porto de Pedras, UNIDADE DE SAUDE DA FAMILIA DO CURTUME
AL, Porto de Pedras, UNIDADE DE SAUDE DA FAMILIA VALDOMERO A DA COSTA
AL, Porto de Pedras, UNIDADE DE SAUDE JOSE ALOISIO DA CUNHA
AL, Porto Real do Colégio, UNIDADE BASICA DE SAUDE JOSE GERALDO DOS SANTOS PEREIRA
AL, Porto Real do Colégio, UNIDADE BASICA DE SAUDE DEMERON DOS SANTOS
AL, Porto Real do Colégio, CENTRO DE SAUDE MARIA LAURA OTTO KUMMER SOUZA
AL, Porto Real do Colégio, ESF PAU DE FACEIRA
AL, Porto Real do Colégio, ESF CARNAIBAS
AL, Porto Real do Colégio, ESF CANOA DE CIMA
AL, Porto Real do Colégio, ESF MARABA
AL, Porto Real do Colégio, UBS SALOMEZINHO
AL, Porto Real do Colégio, ESF BARRA DO ITIUBA
AL, Quebrangulo, UNIDADE DA FAMILIA PREFEITO EXPEDITO MEDEIROS COSTA
AL, Quebrangulo, UNIDADE DE SAUDE DA FAMILIA ROSIVAL DE ARAUJO MEDEIROS
AL, Quebrangulo, UNIDADE DA FAMILIA ANTERO TENORIO CAVALCANTE
AL, Quebrangulo, UNIDADE HOSPITALAR DE QUEBRANGULO
AL, Quebrangulo, UNIDADE DA FAMILIA ERNESTO JOSE DE ALBUQUERQUE
AL, Quebrangulo, POSTO DE SAUDE IPUEIRA
AL, Quebrangulo, POSTO DE SAUDE VILA SAO FRANCISCO
AL, Quebrangulo, POSTO DE SAUDE CARANGUEJA
AL, Rio Largo, USF DR GASTAO OITICICA
AL, Rio Largo, USF PROF JOAO FERREIRA DA ROCHA
AL, Rio Largo, USF BENEDITO LOPES
AL, Rio Largo, USF ANTONIO OLIVEIRA COUTO
AL, Rio Largo, USF ENFERMEIRO PEDRO JACINTO AREA 09
AL, Rio Largo, USF SEVERINA ALEXANDRE DE LIMA AREA 11
AL, Rio Largo, USF OLAVO CALHEIROS
AL, Rio Largo, USF JORGE NUNES DO ESPIRITO SANTO
AL, Rio Largo, UNIDADE DE SAUDE GERONIMO BARROS
AL, Rio Largo, USF AUDEIR DE A PEIXOTO
AL, Rio Largo, USF DIOGENES JUCA BERNARDES
AL, Rio Largo, USF MARGARIDA LEAO
AL, Rio Largo, USF JOAO MENDONCA AREA 08
AL, Rio Largo, USF DR EZEQUIAS ALVES
AL, Rio Largo, CENTRO DE SAUDE EDUARDO CAMPOS
AL, Rio Largo, USF HELENA CIRIACO
AL, Rio Largo, USF PEDRO JACINTO
AL, Rio Largo, USF PROF JOSE CARLOS DA SILVA
AL, Rio Largo, USF HUDSON FERREIRA DA SILVA
AL, Rio Largo, USF EDUARDO CAMPOS II
AL, Rio Largo, USF JOSE ARAGAO DOS ANJOS
AL, Roteiro, UNIDADE BASICA DE SAUDE GENILZA DE CASTRO ALVES
AL, Roteiro, UNIDADE DE PRONTO ATENDIMENTO DE ROTEIRO
AL, Roteiro, UNIDADE DE SAUDE DA FAMILIA VEREADOR AGENOR RIBEIRO
AL, Roteiro, CENTRO DE SAUDE DE ROTEIRO ELADIO MARCELINO
AL, Santa Luzia do Norte, UNIDADE BASICA DE SAUDE DR CLAUDIO MELO PSF 03
AL, Santa Luzia do Norte, POSTO DE SAUDE ARTUR CORREIA LIMA FILHO PSF01
AL, Santa Luzia do Norte, CENTRO DE SAUDE DR DIOGENES J BERNARDES
AL, Santa Luzia do Norte, POSTO DE SAUDE DO QUILOMBO PSF 02
AL, Santana do Ipanema, PSF2 AREIA BRANCA
AL, Santana do Ipanema, UNIDADE DE SAUDE DA FAMILIA CAMUXINGA DOS TEODOSIOS
AL, Santana do Ipanema, POSTO DE SAUDE OLHO D AGUA DO AMARO
AL, Santana do Ipanema, UNIDADE DE SAUDE DA FAMILIA SAO FELIX
AL, Santana do Ipanema, UNIDADE DE SAUDE DA FAMILIA DE AREIAS
AL, Santana do Ipanema, UNIDADE DE SAUDE DA FAMILIA JANUARIO PARAIBANO DA COSTA
AL, Santana do Ipanema, UNIDADE DE SAUDE DA FAMILIA BARRIGUDA
AL, Santana do Ipanema, UNIDADE SAUDE DA FAMILIA SAO JOSE
AL, Santana do Ipanema, UNIDADE DE SAUDE DA FAMILIA DA FLORESTA
AL, Santana do Ipanema, PSF II SAO PEDRO
AL, Santana do Ipanema, PSF LAJEDO GRANDE
AL, Santana do Ipanema, UNIDADE DE SAUDE DA FAMILIA BARAUNA
AL, Santana do Ipanema, UNIDADE DE SAUDE DA FAMILIA DR ADELSON ISAAC DE MIRANDA
AL, Santana do Ipanema, CENTRO DE SAUDE DR MARIA ZILDA REGO
AL, Santana do Mundaú, CENTRO DE SAUDE DE MUNGUBA
AL, Santana do Mundaú, CENTRO DE SAUDE DE SANTANA DO MUNDAU
AL, Santana do Mundaú, UNIDADE DE SAUDE DA FAMILIA DE BARRO BRANCO
AL, Santana do Mundaú, CENTRO DE SAUDE PADRE CICERO
AL, Santana do Mundaú, UNIDADE DE SAUDE DA FAMILIA ELIZABETH DA SILVA SOUZA
AL, São Brás, UNIDADE DE SAUDE DA FAMILIA DE LAGOA COMPRIDA
AL, São Brás, UNIDADE DE SAUDE DA FAMILIA URBANA
AL, São Brás, UNIDADE DE SAUDE DA FAMILIA DE TIBIRI
AL, São Brás, POSTO DE SAUDE DE SAMPAIO
AL, São Brás, POSTO DE SAUDE DE MASSARANDUBA
AL, São Brás, POSTO DE SAUDE DE GIRAU DO ITIUBA
AL, São Brás, POSTO DE SAUDE DE SUCUPIRA
AL, São José da Laje, UNIDADE DE SAUDE DA FAMILIA DE BANANEIRAS
AL, São José da Laje, UNIDADE DE SAUDE DA FAMILIA DR ZIRELI DE OLIVEIRA VALENCA
AL, São José da Laje, UNIDADE SAUDE DA FAMILIA AMAURY VASCONCELOS DE ANDRADE
AL, São José da Laje, UNIDADE DE SAUDE DA FAMILIA DR ARYL PONTES LYRA
AL, São José da Laje, UNIDADE DE SAUDE DA FAMILIA DOULGAS BUARQUE
AL, São José da Laje, UNIDADE DE SAUDE DA FAMILIA MILTON HENIO NETTO DE GOUVEA
AL, São José da Laje, UNIDADE DE SAUDE DA FAMILIA EDEMAR PEREIRA BEZERRA
AL, São José da Laje, UNIDADE SAUDE DA FAMILIA DR ARTHUR CAMELO VERAS
AL, São José da Laje, UNIDADE DE SAUDE DA FAMILIA ARTHUR ORLANDO DE A BEZERRA
AL, São José da Laje, UNIDADE MISTA DR ARTHUR CAMELO VERAS
AL, São José da Laje, UNIDADE DE SAUDE DA FAMILIA DE CARURU
AL, São José da Tapera, PSF CABOCLO II
AL, São José da Tapera, PSF SITIO BREJINHO
AL, São José da Tapera, PSF DO SITIO SALGADINHO
AL, São José da Tapera, PSF MANOEL MACIANO
AL, São José da Tapera, PSF SITIO FAZENDA NOVA
AL, São José da Tapera, PSF MANOEL MACIANO II
AL, São José da Tapera, USF JORGE LUIS RIBEIRO PEREIRA
AL, São José da Tapera, PSF POVOADO CABOCLO
AL, São José da Tapera, PSF POVOADO PILOES
AL, São José da Tapera, PSF CACHOEIRINHA
AL, São José da Tapera, PSF SITIO MELANCIA
AL, São José da Tapera, USF NOSSA SENHORA DO BOM PARTO
AL, São José da Tapera, UNIDADE MISTA ENIO RICARDO GOMES
AL, São José da Tapera, PSF XIII
AL, São José da Tapera, PSF XIV
AL, São Luís do Quitunde, ESF JOSE OZORIO DO NASCIMENTO
AL, São Luís do Quitunde, UNIDADE BASICA DE SAUDE SANDOVAL TOLEDO SILVA
AL, São Luís do Quitunde, POSTO DE SAUDE SANTO INACIO SL QUITUNDE
AL, São Luís do Quitunde, POSTO MUNICIPAL DE SAUDE JOAO ROCHA CALADO
AL, São Luís do Quitunde, POSTO DE SAUDE DO PARAISO
AL, São Luís do Quitunde, UNIDADE BASICA DE SAUDE CORALIA BELO DA SILVA
AL, São Luís do Quitunde, PSF SAO FRUTUOSO
AL, São Luís do Quitunde, UNIDADE BASICA DE SAUDE ANTONIO BUARQUE FILHO
AL, São Luís do Quitunde, CENTRO DE SAUDE GOVLAMENHA FILHO
AL, São Luís do Quitunde, UNIDADE BASICA DE SAUDE SANTA LUZIA DO RIACHAO
AL, São Miguel dos Campos, UNIDADE BASICA DE SAUDE AGNALDO CAVALCANTE
AL, São Miguel dos Campos, UNIDADE BASICA DE SAUDE RENATA DE ALMEIDA SA
AL, São Miguel dos Campos, UNIDADE BASICA DE SAUDE BAIRRO DE LOURDES
AL, São Miguel dos Campos, UNIDADE BASICA DE SAUDE JOSE MARCELINO DOS SANTOS FILHO
AL, São Miguel dos Campos, UNIDADE BASICA DE SAUDE ELISEU MARQUES
AL, São Miguel dos Campos, UNIDADE BASICA DE SAUDE DONA MARIA DA ROCHA LIMA
AL, São Miguel dos Campos, UNIDADE BASICA DE SAUDE JOAO ZACARIAS VILA NOVA DE OLIVEIRA
AL, São Miguel dos Campos, UNIDADE BASICA DE SAUDE BELA VISTA
AL, São Miguel dos Campos, UNIDADE BASICA DE SAUDE ROBERTO CORREIA DE OLIVEIRA
AL, São Miguel dos Campos, UNIDADE BASICA DE SAUDE ADAILTON BARBOSA DE CARVALHO
AL, São Miguel dos Campos, UNIDADE BASICA DE SAUDE TABELIAO JOSE LUIZ DE ANDRADE JATOBA
AL, São Miguel dos Campos, UNIDADE BASICA DE SAUDE DONA FLORACI SOARES DOS SANTOS
AL, São Miguel dos Milagres, UNIDADE DE SAUDE DA FAMILIA DIVALDO SURUAGY
AL, São Miguel dos Milagres, UNIDADE DE SAUDE DA FAMILIA DO POVOADO RIACHO
AL, São Miguel dos Milagres, UNIDADE BASICA DE SAUDE DO TOQUE
AL, São Miguel dos Milagres, UNIDADE DE SAUDE DA FAMILIA DE PORTO DA RUA
AL, São Sebastião, POSTO DE SAUDE ESTRADA NOVA
AL, São Sebastião, POSTO DE SAUDE TABULEIRO DE DENTRO
AL, São Sebastião, UNIDADESAUDE DA FAMILIA GONGO
AL, São Sebastião, POSTO DE SAUDE RANCHO ALEGRE
AL, São Sebastião, UNIDADE AUTORIZADORA DE TFD INTERMINICIPAL
AL, São Sebastião, UNIDADE SAUDE DA FAMILIA LAGOA SECA
AL, São Sebastião, UNIDADE SAUDE DA FAMILIA BELISCA PAU
AL, São Sebastião, UNIDADE SAUDE DA FAMILIA GADO BRAVO
AL, São Sebastião, UNIDADE SAUDE DA FAMILIA GROTAO
AL, São Sebastião, UNID BASC DE SAUDE VER MARIA JOSE DA SILVA MA DO LEITE
AL, São Sebastião, POSTO DE SAUDE SAPE
AL, São Sebastião, POSTO DE SAUDE PRATA
AL, São Sebastião, UNIDADE SAUDE DA FAMILIA TAPERA
AL, São Sebastião, UNIDADE SAUDE DA FAMILIA PEDRA PRETA
AL, São Sebastião, CASA DE PARTO NORMAL NOSSA SENHORA DA PENHA
AL, São Sebastião, POSTO DE SAUDE MALHADA DA ONCA
AL, São Sebastião, POSTO DE SAUDE FLEXEIRAS
AL, São Sebastião, POSTO DE SAUDE MATA
AL, São Sebastião, CENTRO DE ESPECIALIDADES ODONTOLOGICAS
AL, São Sebastião, UNIDADE SAUDE DA FAMILIA CANA BRAVA
AL, São Sebastião, POSTO DE SAUDE BREJINHO II
AL, São Sebastião, POSTO DE SAUDE CURRALINHO
AL, São Sebastião, UNIDADE SAUDE DA FAMILIA CRUZEIRO
AL, São Sebastião, POSTO DE SAUDE LIMOEIRINHO
AL, São Sebastião, UNIDADE BASICA DE SAUDE MESTRA CLARICE
AL, São Sebastião, PSF PEROBA
AL, São Sebastião, POSTO DE SAUDE SERRA
AL, Satuba, UNIDADE DE SAUDE DA FAMILIA I FRIDOLIM WINTERLLER
AL, Satuba, UNIDADE DE SAUDE DA FAMILIA VI
AL, Satuba, UNIDADE DE SAUDE DA FAMILIA V
AL, Satuba, CENTRO DE SAUDE DR JOSE LOBO FERREIRA
AL, Satuba, UNIDADE DE SAUDE DA FAMILIA II
AL, Satuba, UNIDADE DE SAUDE DA FAMILIA RENASCER
AL, Satuba, UNIDADE DE SAUDE DA FAMILIA IV PRIMAVERA
AL, Senador Rui Palmeira, UNIDADE DE SAUDE MANOEL ROZENDO DE OLIVEIRA
AL, Senador Rui Palmeira, CENTRO DE SAUDE PEDRO VIEIRA REGO
AL, Senador Rui Palmeira, CENTRO DE ESPECIALIDADES WILSON MOURA
AL, Senador Rui Palmeira, UNIDADE DE SAUDE PSF IV
AL, Senador Rui Palmeira, UNIDADE MISTA DA FAMILIA MONSENHOR MOISES V DOS ANJOS
AL, Senador Rui Palmeira, UNIDADE BASICA DE SAUDE DA FAMILIA SANTO ANTONIO
AL, Tanque d'Arca, UNIDADE BASICA DE SAUDE MARIZA TAVARES
AL, Tanque d'Arca, UNIDADE DE SAUDE DA FAMILIA VILA APARECIDA
AL, Tanque d'Arca, UNIDADE DE SAUDE DA FAMILIA LUCILA FONSECA
AL, Taquarana, NASF TAQUARANA
AL, Taquarana, USF CANAFISTULA
AL, Taquarana, USF DR JOSE EDMILSON FERREIRA CESAR
AL, Taquarana, POSTO DE SAUDE IRMAOS SOARES
AL, Taquarana, POSTO DE SAUDE SITIO CRUZES
AL, Taquarana, CENTRO DE REFERENCIA EM SAUDE TAQUARANA
AL, Taquarana, USF MURICI
AL, Taquarana, UNIDADE MISTA NOSSA SENHORA DE FATIMA
AL, Taquarana, USF LUIZ JOSE DA SILVA
AL, Taquarana, POSTO DE SAUDE OLHO D AGUA DO FREIRE
AL, Taquarana, USF ABEL BEZERRA DA SILVA
AL, Taquarana, USF PAU DO DESCANSO
AL, Taquarana, USF ARNON BARBOSA DA SILVA CENTRO SERRA
AL, Taquarana, POSTO DE SAUDE JOSE EMIDIO MAGALHAES
AL, Taquarana, POSTO DE SAUDE DE CANUDOS VELHOS
AL, Teotônio Vilela, USF 03 MARIA LOPES DE LIMA MARIA CASSIMIRO
AL, Teotônio Vilela, POSTO DE SAUDE ALTO DO GARROTE
AL, Teotônio Vilela, POSTO DE SAUDE COMODONGO
AL, Teotônio Vilela, CRECHE YEDA GOMES DE BARROS
AL, Teotônio Vilela, UNIDADE BASICA DE SAUDE MATAO DO ROBERTO
AL, Teotônio Vilela, USF 10 IMBURI DO INACIO
AL, Teotônio Vilela, POSTO DE SAUDE CACHOEIRA
AL, Teotônio Vilela, USF 14 CELESTRINA MARIA DIAS
AL, Teotônio Vilela, 01 06 CENTRO DE SAUDE MANUEL A DE SANTANA
AL, Teotônio Vilela, POSTO DE SAUDE BIRRUS
AL, Teotônio Vilela, POSTO DE SAUDE ABOBREIRA
AL, Teotônio Vilela, POSTO DE SAUDE TEIXEIRA
AL, Teotônio Vilela, POSTO DE SAUDE LAGOA
AL, Teotônio Vilela, POSTO DE SAUDE ALECRIM
AL, Teotônio Vilela, UNIDADE BASICA DE SAUDE 17
AL, Teotônio Vilela, 02 CENTRO DE SAUDE TEOTONIO VILELA
AL, Teotônio Vilela, USF 09 AGUA DE MENINOS
AL, Teotônio Vilela, USF 07 JUMELICIA M CONCEICAO
AL, Teotônio Vilela, USF 04 FRANCISCA ASSIS BORGES PEREIRA
AL, Teotônio Vilela, USF 13 JOSE BELARMINO SOARES
AL, Teotônio Vilela, USF 16 JOAO LOURIVAL DE SOUZA
AL, Teotônio Vilela, USF 15 NEUZA JOSEFA DO NASCIMENTO FIRMINO
AL, Teotônio Vilela, USF 11 TEN JOSE ALBINO
AL, Teotônio Vilela, POSTO DE SAUDE MUTUNS
AL, Teotônio Vilela, USF 12 MANOEL JACINTO G DA SILVA
AL, Teotônio Vilela, USF 05 SINEIDE FREIRE MONTEIRO
AL, Teotônio Vilela, USF 08 GULANDIM
AL, Teotônio Vilela, POSTO DE SAUDE TAPERA
AL, Traipu, USF PIRANHAS
AL, Traipu, USF VILA SAO JOSE
AL, Traipu, USF SANTA CRUZ
AL, Traipu, USF VILA SANTO ANTONIO
AL, Traipu, USF MUMBACA
AL, Traipu, UNIDADE MISTA NOSSA SENHORA DO O
AL, Traipu, USF URBANA I
AL, Traipu, POSTO DE SAUDE BOM JARDIM
AL, Traipu, USF OLHO DAGUA DA CERCA
AL, Traipu, USF 13 DE MAIO
AL, Traipu, POSTO DE SAUDE DE LAGOINHA
AL, Traipu, USF CAPIVARA
AL, União dos Palmares, UNIDADE DE SAUDE DA FAMILIA DE ABOLICAO
AL, União dos Palmares, UNIDADE DE SAUDE DA FAMILIA SANTA M MADALENA
AL, União dos Palmares, UNIDADE DE SAUDE DA FAMILIA JOSE CORREIA DE LIMA
AL, União dos Palmares, NUCLEO DE INTEGRACAO PSICOLOGICA
AL, União dos Palmares, USF DE PADRE DONALD
AL, União dos Palmares, UNIDADE DE SAUDE DA FAMILIA DA VAQUEJADA
AL, União dos Palmares, UNIDADE DE SAUDE DA FAMILIA TEREZA ROMANA
AL, União dos Palmares, CENTRO DE SAUDE IRMAOS FRANCISCO E NELSON OLIVEIRA
AL, União dos Palmares, UNIDADE DE SAUDE DA FAMILIA SAGRADA FAMILIA
AL, União dos Palmares, USF SANTA LUZIA
AL, União dos Palmares, UNIDADE DE SAUDE DA FAMILIA JOAO JOSE PEREIRA LYRA FILHO
AL, União dos Palmares, UNIDADE DE SAUDE DA FAMILIA DO ALTO DO CRUZEIRO
AL, União dos Palmares, UNIDADE DE SAUDE DA FAMILIA NOVA ESPERANCA
AL, União dos Palmares, CENTRO DE SAUDE DR JOSE DE ARAUJO LIMA
AL, União dos Palmares, CENTRO DE SAUDE MUNICIPAL CASA DA MULHER
AL, União dos Palmares, UNIDADE DE SAUDE DA FAMILIA DE SANTA FE
AL, União dos Palmares, UNIDADE DE SAUDE DA FAMILIA NEWTON PEREIRA
AL, União dos Palmares, UNIDADE DE SAUDE DA FAMILIA DE VARZEA GRANDE
AL, Viçosa, UNIDADE BASICA DE SAUDE ANEL
AL, Viçosa, UNIDADE BASICA DE SAUDE JOSE LOUREIRO DE ALBUQUERQUE
AL, Viçosa, UNIDADE BASICA DE SAUDE OCTAVIO BRANDAO
AL, Viçosa, UNIDADE BASICA DE SAUDE DR HERBERT VILELA
AL, Viçosa, UNIDADE BASICA DE SAUDE CIDADE DE DEUS
AL, Viçosa, USB DR JOSE MARIA DE MELO
AL, Viçosa, CENTRO DE SAUDE ESPECIALIZADO OSWALDO BRANDAO VILELA
AL, Viçosa, UNIDADE BASICA DE SAUDE DR JAYME CARNEIRO LOPES
AL, Viçosa, POSTO DE SAUDE TANGIL
